"id","title","slug","order","menu_name","menu_order","expanded_title","published","meta_tags","created_at","updated_at","created_by","updated_by"
"1","Latin Online","latol","10","Latin","120","Latin Online","1",,"2014-11-11 14:52:14","2014-11-20 08:48:34","fmcgrath","fmcgrath"
"2","Classical Greek Online","grkol","20","Cl. Greek","70","Classical Greek Online (Attic)","1",,"2014-11-11 14:52:14","2014-11-11 14:52:14","fmcgrath","fmcgrath"
"3","New Testament Greek Online","ntgol","30","N. T. Greek","80","New Testament Greek Online (Koine)","1",,"2014-11-11 14:52:14","2014-11-11 14:52:14","fmcgrath","fmcgrath"
"4","Old Church Slavonic Online","ocsol","40","Old Slavonic","170","Old Church Slavonic Online (Old Church Slavic)","1",,"2014-11-11 14:52:14","2014-11-11 14:52:14","fmcgrath","fmcgrath"
"5","Classical Armenian Online","armol","50","Armenian","20","Classical Armenian Online","1",,"2014-11-11 14:52:14","2014-11-11 14:52:14","fmcgrath","fmcgrath"
"6","Old Iranian Online","aveol","60","Old Iranian","100","Old Iranian Online (Avestan &amp; Old Persian)","1",,"2014-11-11 14:52:14","2014-11-11 14:52:14","fmcgrath","fmcgrath"
"7","Old Norse Online","norol","70","Old Norse","130","Old Norse Online (Old Icelandic)","1",,"2014-11-11 14:52:14","2014-11-11 14:52:14","fmcgrath","fmcgrath"
"8","Baltic Online","litol","80","Baltic","30","Baltic Online (Lithuanian &amp; Latvian)","1",,"2014-11-11 14:52:14","2014-11-11 14:52:14","fmcgrath","fmcgrath"
"9","Hittite Online","hitol","90","Hittite","90","Hittite Online","1",,"2014-11-11 14:52:14","2014-11-11 14:52:14","fmcgrath","fmcgrath"
"10","Ancient Sanskrit Online","vedol","100","Sanskrit","150","Ancient Sanskrit Online (Rigvedic)","1",NULL,"2014-11-11 14:52:14","2022-01-20 09:21:27","fmcgrath","bobtodd"
"11","Gothic Online","gotol","110","Gothic","60","Gothic Online","1",,"2014-11-11 14:52:14","2014-11-11 14:52:14","fmcgrath","fmcgrath"
"12","Old French Online","ofrol","120","Old French","50","Old French Online","1",,"2014-11-11 14:52:14","2014-11-11 14:52:14","fmcgrath","fmcgrath"
"13","Old Irish Online","iriol","130","Old Irish","110","Old Irish Online","1",,"2014-11-11 14:52:14","2014-11-11 14:52:14","fmcgrath","fmcgrath"
"14","Old English Online","engol","140","Old English","40","Old English Online","1",,"2014-11-11 14:52:14","2014-11-11 14:52:14","fmcgrath","fmcgrath"
"15","Tocharian Online","tokol","150","Tocharian","180","Tocharian Online (A: Turfanian &amp; B: Kuchean)","1",,"2014-11-11 14:52:14","2014-11-11 14:52:14","fmcgrath","fmcgrath"
"16","Albanian Online","albol","160","Albanian","10","Albanian Online (Tosk &amp; Geg)","1",,"2014-11-11 14:52:14","2014-11-11 14:52:14","fmcgrath","fmcgrath"
"17","Old Russian Online","oruol","170","Old Russian","140","Old Russian Online (Old East Slavic)","1",,"2014-11-11 14:52:14","2014-11-11 14:52:14","fmcgrath","fmcgrath"
"19","Classical Armenian Online - Romanized","armolr","55","Armenian - Romanized","25","Classical Armenian Online - Romanized","1",,"2015-02-20 11:26:20","2015-03-12 12:37:38","babao","bobtodd"
"20","Old Saxon Online","osxol","180","Old Saxon","160","Old Saxon Online (Old Low German)",NULL,,"2015-06-19 13:30:40","2015-06-19 13:31:22","bobtodd","bobtodd"
"21","Hittite Lite","hitlol","190","Simple Hittite","190","Introductory Hittite",NULL,,"2016-03-02 08:05:56","2016-11-09 17:21:31","bobtodd","cmelchert"
"22","Old Italian Online","oitol","200","Old Italian","115","Old Italian Online",NULL,,"2016-06-07 13:24:37","2019-03-13 17:30:31","bobtodd","gcapaccioli"
"23","Old High German Online",,"210","Old High German","125","Old High German Online",NULL,,"2016-09-30 09:33:18","2016-09-30 09:33:18","bobtodd","bobtodd"
"24","Classical Syriac",,"220","Syriac","230","Classical Syriac Online",NULL,,"2017-01-12 09:29:30","2017-01-12 09:29:30","bobtodd","bobtodd"
"25","Mayan Lite Test","mayatest","230","Mayan Lite","240","Introduction to Mayan",NULL,NULL,"2017-02-03 14:32:48","2020-07-20 12:19:24","bobtodd","bobtodd"
"26","Old Japanese Online",,"250","Old Japanese","250","Old Japanese Online",NULL,,"2018-03-15 13:33:56","2018-03-15 13:33:56","bobtodd","bobtodd"
"27","Colonial Ch'olti' Online","cholti","260","Ch'olti'","300","Colonial Ch'olti' Online",NULL,,"2018-05-10 15:40:07","2018-09-13 06:03:47","bobtodd","boydga"
"28","Vedic Sanskrit Online","ravol","270","Vedic","310","Sanskrit of the Rig & Atharva Vedas",NULL,NULL,"2020-07-03 09:29:40","2020-07-03 09:29:40","bobtodd","bobtodd"
"29","Old Czech","oczol","280","Old Czech","320","Old Czech: Early Western Slavic",NULL,NULL,"2021-12-17 11:20:49","2021-12-17 11:20:49","bobtodd","bobtodd"
